{
  "subset_accuracy": 0.5910122560145257,
  "f1_macro": 0.7327104254048407,
  "f1_micro": 0.7638156776058493,
  "f1_weighted": 0.7638413415690253,
  "precision_macro": 0.6997046281214649,
  "recall_macro": 0.7699948287704764,
  "roc_auc_macro": 0.9148479489934067,
  "roc_auc_weighted": 0.9211321646283593,
  "roc_auc_NORM": 0.9410706331903324,
  "roc_auc_MI": 0.9123957477122034,
  "roc_auc_STTC": 0.9249977237548939,
  "roc_auc_CD": 0.9033253247594483,
  "roc_auc_HYP": 0.8924503155501549,
  "avg_precision_macro": 0.7905315501034224,
  "f1_NORM": 0.8567208271787297,
  "f1_MI": 0.7188306104901118,
  "f1_STTC": 0.755120213713268,
  "f1_CD": 0.7261785356068204,
  "f1_HYP": 0.6067019400352733,
  "precision_NORM": 0.8153701968134958,
  "recall_NORM": 0.9024896265560166,
  "precision_MI": 0.6852459016393443,
  "recall_MI": 0.755877034358047,
  "precision_STTC": 0.7066666666666667,
  "recall_STTC": 0.8107074569789675,
  "precision_CD": 0.7254509018036072,
  "recall_CD": 0.7269076305220884,
  "precision_HYP": 0.5657894736842105,
  "recall_HYP": 0.6539923954372624
}