{
  "subset_accuracy": 0.5279164775306401,
  "f1_macro": 0.7164715449071127,
  "f1_micro": 0.7540394973070018,
  "precision_macro": 0.661096384711307,
  "recall_macro": 0.789564843622439,
  "roc_auc_macro": 0.9120307281805123
}