{
  "subset_accuracy": 0.5637766681797549,
  "f1_macro": 0.7177364310818006,
  "f1_micro": 0.7577047505533798,
  "f1_weighted": 0.759439222923461,
  "precision_macro": 0.6876663610696594,
  "recall_macro": 0.7540008212511564,
  "roc_auc_macro": 0.9097086976495286,
  "roc_auc_weighted": 0.9210352975474548,
  "roc_auc_NORM": 0.9436166899420293,
  "roc_auc_MI": 0.9187796591594061,
  "roc_auc_STTC": 0.9288707548028772,
  "roc_auc_CD": 0.9111707828380974,
  "roc_auc_HYP": 0.8461056015052331,
  "avg_precision_macro": 0.7760516854350297,
  "f1_NORM": 0.8554277138569285,
  "f1_MI": 0.7312703583061889,
  "f1_STTC": 0.7632058287795993,
  "f1_CD": 0.7370600414078675,
  "f1_HYP": 0.5017182130584192,
  "precision_NORM": 0.8260869565217391,
  "recall_NORM": 0.8869294605809128,
  "precision_MI": 0.6651851851851852,
  "recall_MI": 0.8119349005424955,
  "precision_STTC": 0.7286956521739131,
  "recall_STTC": 0.8011472275334608,
  "precision_CD": 0.7606837606837606,
  "recall_CD": 0.714859437751004,
  "precision_HYP": 0.45768025078369906,
  "recall_HYP": 0.5551330798479087
}