{
  "subset_accuracy": 0.5551520653654108,
  "f1_macro": 0.7195634389566204,
  "f1_micro": 0.7534774593598123,
  "f1_weighted": 0.7571170679120299,
  "precision_macro": 0.6772202905836938,
  "recall_macro": 0.7725988500847687,
  "roc_auc_macro": 0.9152031691648508,
  "roc_auc_weighted": 0.9225468325195033,
  "roc_auc_NORM": 0.9407826215091143,
  "roc_auc_MI": 0.9112329442709189,
  "roc_auc_STTC": 0.9284064008012383,
  "roc_auc_CD": 0.9167220200449893,
  "roc_auc_HYP": 0.8788718591979932,
  "avg_precision_macro": 0.78007059110094,
  "f1_NORM": 0.847675568743818,
  "f1_MI": 0.7226890756302521,
  "f1_STTC": 0.7524752475247525,
  "f1_CD": 0.7447447447447447,
  "f1_HYP": 0.5302325581395348,
  "precision_NORM": 0.8100189035916824,
  "recall_NORM": 0.8890041493775933,
  "precision_MI": 0.6750392464678179,
  "recall_MI": 0.7775768535262206,
  "precision_STTC": 0.7108843537414966,
  "recall_STTC": 0.7992351816443595,
  "precision_CD": 0.7425149700598802,
  "recall_CD": 0.7469879518072289,
  "precision_HYP": 0.4476439790575916,
  "recall_HYP": 0.6501901140684411
}