{
  "subset_accuracy": 0.5846572855197458,
  "f1_macro": 0.7223178570757053,
  "f1_micro": 0.7639128931904597,
  "precision_macro": 0.7082911421433705,
  "recall_macro": 0.7421620768136646,
  "roc_auc_macro": 0.9126335521104438
}