{
  "subset_accuracy": 0.6155242850658194,
  "f1_macro": 0.7381841463501951,
  "f1_micro": 0.7706131078224101,
  "f1_weighted": 0.7673323339231355,
  "precision_macro": 0.7384819328037147,
  "recall_macro": 0.7418275509527644,
  "roc_auc_macro": 0.9045855322159386,
  "roc_auc_weighted": 0.9136252981716962,
  "roc_auc_NORM": 0.944463980120496,
  "roc_auc_MI": 0.9062348621842292,
  "roc_auc_STTC": 0.9197942274424111,
  "roc_auc_CD": 0.8745133024767693,
  "roc_auc_HYP": 0.8779212888557876,
  "avg_precision_macro": 0.7881026601911753,
  "f1_NORM": 0.8588007736943907,
  "f1_MI": 0.7241706161137441,
  "f1_STTC": 0.7673992673992674,
  "f1_CD": 0.7107790821771611,
  "f1_HYP": 0.6297709923664122,
  "precision_NORM": 0.8043478260869565,
  "recall_NORM": 0.921161825726141,
  "precision_MI": 0.7609561752988048,
  "recall_MI": 0.6907775768535263,
  "precision_STTC": 0.7363796133567663,
  "recall_STTC": 0.8011472275334608,
  "precision_CD": 0.7585421412300684,
  "recall_CD": 0.6686746987951807,
  "precision_HYP": 0.632183908045977,
  "recall_HYP": 0.6273764258555133
}