{
  "subset_accuracy": 0.7241379310344828,
  "f1_macro": 0.6805346700083542,
  "f1_micro": 0.8,
  "f1_weighted": 0.8281902673350041,
  "precision_macro": 0.7461904761904762,
  "recall_macro": 0.8155555555555555,
  "roc_auc_macro": 0.7924869574869575,
  "roc_auc_weighted": 0.8017204150016649,
  "roc_auc_NORM": 0.7929292929292928,
  "roc_auc_MI": 0.5897435897435896,
  "roc_auc_STTC": 0.9166666666666666,
  "roc_auc_CD": 0.8416666666666667,
  "roc_auc_HYP": 0.8214285714285714,
  "avg_precision_macro": 0.5602486735801336,
  "f1_NORM": 0.8947368421052632,
  "f1_MI": 0.5,
  "f1_STTC": 0.8333333333333334,
  "f1_CD": 0.8888888888888888,
  "f1_HYP": 0.2857142857142857,
  "precision_NORM": 0.85,
  "recall_NORM": 0.9444444444444444,
  "precision_MI": 1.0,
  "recall_MI": 0.3333333333333333,
  "precision_STTC": 0.7142857142857143,
  "recall_STTC": 1.0,
  "precision_CD": 1.0,
  "recall_CD": 0.8,
  "precision_HYP": 0.16666666666666666,
  "recall_HYP": 1.0
}