{
  "subset_accuracy": 0.5819337267362688,
  "f1_macro": 0.7181577404361588,
  "f1_micro": 0.7539835405358081,
  "f1_weighted": 0.751355827242071,
  "precision_macro": 0.7125610507127497,
  "recall_macro": 0.7266446650724387,
  "roc_auc_macro": 0.907292816936159,
  "roc_auc_weighted": 0.9147393385064504,
  "roc_auc_NORM": 0.9391215308825547,
  "roc_auc_MI": 0.9158589511754069,
  "roc_auc_STTC": 0.9183738504962212,
  "roc_auc_CD": 0.8782737990083501,
  "roc_auc_HYP": 0.8848359531182626,
  "avg_precision_macro": 0.7834782256413684,
  "f1_NORM": 0.8531265147842947,
  "f1_MI": 0.7204861111111112,
  "f1_STTC": 0.7495069033530573,
  "f1_CD": 0.6736842105263158,
  "f1_HYP": 0.5939849624060151,
  "precision_NORM": 0.8007279344858963,
  "recall_NORM": 0.9128630705394191,
  "precision_MI": 0.6928213689482471,
  "recall_MI": 0.7504520795660036,
  "precision_STTC": 0.7739307535641547,
  "recall_STTC": 0.7265774378585086,
  "precision_CD": 0.7079646017699115,
  "recall_CD": 0.642570281124498,
  "precision_HYP": 0.587360594795539,
  "recall_HYP": 0.6007604562737643
}