{
  "subset_accuracy": 0.5882886972310486,
  "f1_macro": 0.7241099632756587,
  "f1_micro": 0.758008356545961,
  "f1_weighted": 0.7608437393540072,
  "precision_macro": 0.7055544849636401,
  "recall_macro": 0.7484617675188201,
  "roc_auc_macro": 0.9174772914855938,
  "roc_auc_weighted": 0.9253765968477392,
  "roc_auc_NORM": 0.9436292485909196,
  "roc_auc_MI": 0.9193331141432407,
  "roc_auc_STTC": 0.9265137029955386,
  "roc_auc_CD": 0.9213316609546692,
  "roc_auc_HYP": 0.8765787307436008,
  "avg_precision_macro": 0.7864936373401769,
  "f1_NORM": 0.8536460989291178,
  "f1_MI": 0.7301293900184843,
  "f1_STTC": 0.7409420289855072,
  "f1_CD": 0.7494908350305499,
  "f1_HYP": 0.5463414634146342,
  "precision_NORM": 0.839518555667001,
  "recall_NORM": 0.8682572614107884,
  "precision_MI": 0.7466918714555766,
  "recall_MI": 0.7142857142857143,
  "precision_STTC": 0.7039586919104991,
  "recall_STTC": 0.7820267686424475,
  "precision_CD": 0.7603305785123967,
  "recall_CD": 0.7389558232931727,
  "precision_HYP": 0.4772727272727273,
  "recall_HYP": 0.6387832699619772
}