{
  "cnn_1d": {
    "subset_accuracy": 0.5819337267362688,
    "f1_macro": 0.7310177451734334,
    "f1_micro": 0.7670532060027285,
    "precision_macro": 0.7035489282175373,
    "recall_macro": 0.7639203596533936,
    "roc_auc_macro": 0.9192860137300409
  },
  "leadwise_cnn": {
    "subset_accuracy": 0.6037221970040854,
    "f1_macro": 0.7376679742824803,
    "f1_micro": 0.7700087183958152,
    "precision_macro": 0.724319845547047,
    "recall_macro": 0.7522621182914447,
    "roc_auc_macro": 0.9166281264840765
  },
  "pretrained_resnet": {
    "subset_accuracy": 0.5814798002723559,
    "f1_macro": 0.7240038040909011,
    "f1_micro": 0.7626072041166381,
    "precision_macro": 0.7008788617556079,
    "recall_macro": 0.7495338497981623,
    "roc_auc_macro": 0.9140158036984303
  },
  "lstm": {
    "subset_accuracy": 0.6014525646845211,
    "f1_macro": 0.7309112318095808,
    "f1_micro": 0.7722457627118644,
    "precision_macro": 0.7315528837693982,
    "recall_macro": 0.7346763709461133,
    "roc_auc_macro": 0.9175650978638602
  },
  "transformer": {
    "subset_accuracy": 0.5451656831593282,
    "f1_macro": 0.6873872203760844,
    "f1_micro": 0.7257570602245662,
    "precision_macro": 0.6598080640078615,
    "recall_macro": 0.72363627416926,
    "roc_auc_macro": 0.8854573107336338
  },
  "cnn_lstm": {
    "subset_accuracy": 0.5873808443032229,
    "f1_macro": 0.7207480493582282,
    "f1_micro": 0.7627986348122867,
    "precision_macro": 0.6986672650632977,
    "recall_macro": 0.7485401635019999,
    "roc_auc_macro": 0.9126457759742491
  },
  "cnn_transformer": {
    "subset_accuracy": 0.5914661824784385,
    "f1_macro": 0.7274495872108587,
    "f1_micro": 0.7642192347466391,
    "precision_macro": 0.7077410896322794,
    "recall_macro": 0.7499222181999514,
    "roc_auc_macro": 0.9176444308823635
  }
}