{
  "subset_accuracy": 0.5692237857467091,
  "f1_macro": 0.7196191493392465,
  "f1_micro": 0.7612574341546304,
  "f1_weighted": 0.7585115015313215,
  "precision_macro": 0.6943166837556836,
  "recall_macro": 0.7495326581482944,
  "roc_auc_macro": 0.9103647545894452,
  "roc_auc_weighted": 0.9195499138411121,
  "roc_auc_NORM": 0.9379795310767953,
  "roc_auc_MI": 0.9127683708696367,
  "roc_auc_STTC": 0.9291712191568787,
  "roc_auc_CD": 0.913696427940501,
  "roc_auc_HYP": 0.8582082239034142,
  "avg_precision_macro": 0.7699729878434362,
  "f1_NORM": 0.8543969245555022,
  "f1_MI": 0.7259010896898574,
  "f1_STTC": 0.7477313974591652,
  "f1_CD": 0.7422885572139304,
  "f1_HYP": 0.5277777777777778,
  "precision_NORM": 0.7958818263205013,
  "recall_NORM": 0.9221991701244814,
  "precision_MI": 0.6765625,
  "recall_MI": 0.783001808318264,
  "precision_STTC": 0.7115716753022453,
  "recall_STTC": 0.7877629063097514,
  "precision_CD": 0.7357001972386588,
  "recall_CD": 0.748995983935743,
  "precision_HYP": 0.5518672199170125,
  "recall_HYP": 0.5057034220532319
}