{
  "model": "leadwise_cnn",
  "n_folds": 5,
  "val_losses": [
    0.05727889875490819,
    0.056471127716283646,
    0.05549987928280907,
    0.05504242231648776,
    0.057389751497295596
  ],
  "mean_val_loss": 0.05633641591355685,
  "std_val_loss": 0.0009370325492579753
}