{
  "subset_accuracy": 0.6059918293236496,
  "f1_macro": 0.7338531244962748,
  "f1_micro": 0.7721563154221912,
  "f1_weighted": 0.7693818491483273,
  "precision_macro": 0.7281668707695549,
  "recall_macro": 0.7434729960204954,
  "roc_auc_macro": 0.9202871812064682,
  "roc_auc_weighted": 0.9277508450094399,
  "roc_auc_NORM": 0.9435698043195054,
  "roc_auc_MI": 0.925571264178859,
  "roc_auc_STTC": 0.9315476190476191,
  "roc_auc_CD": 0.9208169923094138,
  "roc_auc_HYP": 0.8799302261769433,
  "avg_precision_macro": 0.7913500616819744,
  "f1_NORM": 0.8542174549000487,
  "f1_MI": 0.7428073234524848,
  "f1_STTC": 0.7689497716894977,
  "f1_CD": 0.7484008528784648,
  "f1_HYP": 0.5548902195608783,
  "precision_NORM": 0.8058877644894205,
  "recall_NORM": 0.9087136929460581,
  "precision_MI": 0.7171717171717171,
  "recall_MI": 0.7703435804701627,
  "precision_STTC": 0.736013986013986,
  "recall_STTC": 0.8049713193116634,
  "precision_CD": 0.7977272727272727,
  "recall_CD": 0.7048192771084337,
  "precision_HYP": 0.5840336134453782,
  "recall_HYP": 0.5285171102661597
}