{
  "subset_accuracy": 0.5914661824784385,
  "f1_macro": 0.7331884177381089,
  "f1_micro": 0.7647559108691955,
  "f1_weighted": 0.7642898600506817,
  "precision_macro": 0.7032599188774968,
  "recall_macro": 0.7685767394939267,
  "roc_auc_macro": 0.91434024491197,
  "roc_auc_weighted": 0.9208600750246629,
  "roc_auc_NORM": 0.9409509074042445,
  "roc_auc_MI": 0.9122094361334868,
  "roc_auc_STTC": 0.9243239552034963,
  "roc_auc_CD": 0.9042557326078509,
  "roc_auc_HYP": 0.8899611932107717,
  "avg_precision_macro": 0.7907245583221949,
  "f1_NORM": 0.8558994197292069,
  "f1_MI": 0.7218430034129693,
  "f1_STTC": 0.7524932003626473,
  "f1_CD": 0.7304890738813735,
  "f1_HYP": 0.6052173913043478,
  "precision_NORM": 0.8016304347826086,
  "recall_NORM": 0.9180497925311203,
  "precision_MI": 0.6833602584814217,
  "recall_MI": 0.7649186256781193,
  "precision_STTC": 0.7155172413793104,
  "recall_STTC": 0.7934990439770554,
  "precision_CD": 0.7580993520518359,
  "recall_CD": 0.7048192771084337,
  "precision_HYP": 0.5576923076923077,
  "recall_HYP": 0.6615969581749049
}