{
  "subset_accuracy": 0.572401270994099,
  "f1_macro": 0.7200403258036066,
  "f1_micro": 0.7612836794233739,
  "precision_macro": 0.7044990759483999,
  "recall_macro": 0.7432821513147956,
  "roc_auc_macro": 0.9126120465910489
}