{
  "subset_accuracy": 0.5928279618701771,
  "f1_macro": 0.7307163453461925,
  "f1_micro": 0.764943032427695,
  "f1_weighted": 0.7658796276831155,
  "precision_macro": 0.7213567076298819,
  "recall_macro": 0.7457962184730149,
  "roc_auc_macro": 0.9188427440939044,
  "roc_auc_weighted": 0.9259863346982371,
  "roc_auc_NORM": 0.9439783790300704,
  "roc_auc_MI": 0.9190481670228505,
  "roc_auc_STTC": 0.9288901028862788,
  "roc_auc_CD": 0.9176394728474013,
  "roc_auc_HYP": 0.8846575986829212,
  "avg_precision_macro": 0.7958669603038451,
  "f1_NORM": 0.8581349206349206,
  "f1_MI": 0.7363717605004468,
  "f1_STTC": 0.7543520309477756,
  "f1_CD": 0.7366167023554604,
  "f1_HYP": 0.5681063122923588,
  "precision_NORM": 0.8222433460076045,
  "recall_NORM": 0.8973029045643154,
  "precision_MI": 0.7279151943462897,
  "recall_MI": 0.7450271247739603,
  "precision_STTC": 0.7632093933463796,
  "recall_STTC": 0.745697896749522,
  "precision_CD": 0.7889908256880734,
  "recall_CD": 0.6907630522088354,
  "precision_HYP": 0.504424778761062,
  "recall_HYP": 0.6501901140684411
}