{
  "subset_accuracy": 0.008170676350431231,
  "f1_macro": 0.2902262917737856,
  "f1_micro": 0.3204725159569401,
  "f1_weighted": 0.25306165255075985,
  "precision_macro": 0.1897973867699854,
  "recall_macro": 0.7439421338155515,
  "roc_auc_macro": 0.559009931361574,
  "roc_auc_weighted": 0.5655372022753526,
  "roc_auc_NORM": 0.552590179471465,
  "roc_auc_MI": 0.7022154638610334,
  "roc_auc_STTC": 0.5402440134753711,
  "roc_auc_CD": 0.5,
  "roc_auc_HYP": 0.5,
  "avg_precision_macro": 0.29284787290702313,
  "f1_NORM": 0.0,
  "f1_MI": 0.4853658536585366,
  "f1_STTC": 0.38371239911958915,
  "f1_CD": 0.3687523139577934,
  "f1_HYP": 0.21330089213300893,
  "precision_NORM": 0.0,
  "recall_NORM": 0.0,
  "precision_MI": 0.36614535418583255,
  "recall_MI": 0.7197106690777577,
  "precision_STTC": 0.23740354062641852,
  "recall_STTC": 1.0,
  "precision_CD": 0.22605537902859738,
  "recall_CD": 1.0,
  "precision_HYP": 0.11938266000907853,
  "recall_HYP": 1.0
}