{
  "subset_accuracy": 0.53109396277803,
  "f1_macro": 0.7150793075974806,
  "f1_micro": 0.7512640678519001,
  "f1_weighted": 0.7524164073863688,
  "precision_macro": 0.6631691935529422,
  "recall_macro": 0.7832222492102385,
  "roc_auc_macro": 0.9115106451713884,
  "roc_auc_weighted": 0.919723559957657,
  "roc_auc_NORM": 0.9422117957528323,
  "roc_auc_MI": 0.9040161104718066,
  "roc_auc_STTC": 0.9259150505326413,
  "roc_auc_CD": 0.9111325065658528,
  "roc_auc_HYP": 0.874277762533809,
  "avg_precision_macro": 0.772797819424509,
  "f1_NORM": 0.8527493010251631,
  "f1_MI": 0.6966475878986099,
  "f1_STTC": 0.7457337883959044,
  "f1_CD": 0.7382690302398331,
  "f1_HYP": 0.5419968304278923,
  "precision_NORM": 0.7741116751269036,
  "recall_NORM": 0.9491701244813278,
  "precision_MI": 0.6358208955223881,
  "recall_MI": 0.7703435804701627,
  "precision_STTC": 0.6733436055469953,
  "recall_STTC": 0.8355640535372849,
  "precision_CD": 0.7678958785249458,
  "recall_CD": 0.7108433734939759,
  "precision_HYP": 0.46467391304347827,
  "recall_HYP": 0.6501901140684411
}