{
  "subset_accuracy": 0.5714934180662733,
  "f1_macro": 0.7219083062108694,
  "f1_micro": 0.7565922920892495,
  "precision_macro": 0.688446761925504,
  "recall_macro": 0.7665293371268798,
  "roc_auc_macro": 0.9098943434128468
}