{
  "subset_accuracy": 0.5860190649114844,
  "f1_macro": 0.7224639155197844,
  "f1_micro": 0.7607638888888889,
  "precision_macro": 0.7044177632694575,
  "recall_macro": 0.7432353269019154,
  "roc_auc_macro": 0.9157687248198949
}