{
  "subset_accuracy": 0.05764866091693146,
  "f1_macro": 0.5258099531261087,
  "f1_micro": 0.5427994776208002,
  "f1_weighted": 0.5804767396905388,
  "precision_macro": 0.42288134400106603,
  "recall_macro": 0.7814117579084989,
  "roc_auc_macro": 0.7205445927103847,
  "roc_auc_weighted": 0.7438480585818873,
  "roc_auc_NORM": 0.8426958060810653,
  "roc_auc_MI": 0.7919190092607814,
  "roc_auc_STTC": 0.8175248110716562,
  "roc_auc_CD": 0.4385512725388357,
  "roc_auc_HYP": 0.7120320645995846,
  "avg_precision_macro": 0.4540205451701328,
  "f1_NORM": 0.7473769168684423,
  "f1_MI": 0.5696804894629504,
  "f1_STTC": 0.6007462686567164,
  "f1_CD": 0.37941561273440905,
  "f1_HYP": 0.3318304779080252,
  "precision_NORM": 0.6116248348745046,
  "recall_NORM": 0.9605809128630706,
  "precision_MI": 0.4564270152505447,
  "recall_MI": 0.7576853526220615,
  "precision_STTC": 0.5865209471766849,
  "recall_STTC": 0.615678776290631,
  "precision_CD": 0.24233983286908078,
  "recall_CD": 0.8734939759036144,
  "precision_HYP": 0.21749408983451538,
  "recall_HYP": 0.6996197718631179
}