{
  "subset_accuracy": 0.024965955515206535,
  "f1_macro": 0.3453423868561025,
  "f1_micro": 0.4386574074074074,
  "f1_weighted": 0.3882682375570728,
  "precision_macro": 0.2496956259310065,
  "recall_macro": 0.6203616084122895,
  "roc_auc_macro": 0.6032064487049429,
  "roc_auc_weighted": 0.5824277047383959,
  "roc_auc_NORM": 0.5186851764406445,
  "roc_auc_MI": 0.4219880541399529,
  "roc_auc_STTC": 0.6663457161067103,
  "roc_auc_CD": 0.7614416610724423,
  "roc_auc_HYP": 0.6475716357649641,
  "avg_precision_macro": 0.3612018530024999,
  "f1_NORM": 0.6087780233659614,
  "f1_MI": 0.0,
  "f1_STTC": 0.45418950665622554,
  "f1_CD": 0.3768996960486322,
  "f1_HYP": 0.2868447082096934,
  "precision_NORM": 0.4375851112119837,
  "recall_NORM": 1.0,
  "precision_MI": 0.0,
  "recall_MI": 0.0,
  "precision_STTC": 0.38461538461538464,
  "recall_STTC": 0.5544933078393881,
  "precision_CD": 0.232427366447985,
  "recall_CD": 0.9959839357429718,
  "precision_HYP": 0.19385026737967914,
  "recall_HYP": 0.5513307984790875
}