{
  "subset_accuracy": 0.5801180208806174,
  "f1_macro": 0.7204810771006251,
  "f1_micro": 0.7562650188808788,
  "f1_weighted": 0.7530544327298744,
  "precision_macro": 0.7076486041448552,
  "recall_macro": 0.738924941702613,
  "roc_auc_macro": 0.9074989998922037,
  "roc_auc_weighted": 0.915043919961487,
  "roc_auc_NORM": 0.9422427737534285,
  "roc_auc_MI": 0.9122390267959888,
  "roc_auc_STTC": 0.9258160338705272,
  "roc_auc_CD": 0.867673038193831,
  "roc_auc_HYP": 0.8895241268472425,
  "avg_precision_macro": 0.7867027811118348,
  "f1_NORM": 0.8545367258761402,
  "f1_MI": 0.7184300341296929,
  "f1_STTC": 0.7667910447761194,
  "f1_CD": 0.6601371204701273,
  "f1_HYP": 0.602510460251046,
  "precision_NORM": 0.7953529937444147,
  "recall_NORM": 0.9232365145228216,
  "precision_MI": 0.6801292407108239,
  "recall_MI": 0.7613019891500904,
  "precision_STTC": 0.7486338797814208,
  "recall_STTC": 0.7858508604206501,
  "precision_CD": 0.6443594646271511,
  "recall_CD": 0.6767068273092369,
  "precision_HYP": 0.6697674418604651,
  "recall_HYP": 0.5475285171102662
}