{
  "subset_accuracy": 0.5819337267362688,
  "f1_macro": 0.7249950258854332,
  "f1_micro": 0.7603249830737983,
  "precision_macro": 0.6979731092095577,
  "recall_macro": 0.7579669289650788,
  "roc_auc_macro": 0.9121636161507165
}