{
  "subset_accuracy": 0.5687698592827962,
  "f1_macro": 0.72385894696846,
  "f1_micro": 0.759782238856754,
  "precision_macro": 0.6930326615001702,
  "recall_macro": 0.7616852113973245,
  "roc_auc_macro": 0.9116423081122896
}