{
  "subset_accuracy": 0.5242850658193373,
  "f1_macro": 0.6760927696758318,
  "f1_micro": 0.7173150776423443,
  "precision_macro": 0.6462838137346684,
  "recall_macro": 0.7234829728649681,
  "roc_auc_macro": 0.8851396562868571
}