{
  "cnn_1d": {
    "subset_accuracy": 0.572401270994099,
    "f1_macro": 0.7200403258036066,
    "f1_micro": 0.7612836794233739,
    "precision_macro": 0.7044990759483999,
    "recall_macro": 0.7432821513147956,
    "roc_auc_macro": 0.9126120465910489
  },
  "leadwise_cnn": {
    "subset_accuracy": 0.5819337267362688,
    "f1_macro": 0.7249950258854332,
    "f1_micro": 0.7603249830737983,
    "precision_macro": 0.6979731092095577,
    "recall_macro": 0.7579669289650788,
    "roc_auc_macro": 0.9121636161507165
  },
  "resnet": {
    "subset_accuracy": 0.5687698592827962,
    "f1_macro": 0.72385894696846,
    "f1_micro": 0.759782238856754,
    "precision_macro": 0.6930326615001702,
    "recall_macro": 0.7616852113973245,
    "roc_auc_macro": 0.9116423081122896
  },
  "pretrained_resnet": {
    "subset_accuracy": 0.5860190649114844,
    "f1_macro": 0.7224639155197844,
    "f1_micro": 0.7607638888888889,
    "precision_macro": 0.7044177632694575,
    "recall_macro": 0.7432353269019154,
    "roc_auc_macro": 0.9157687248198949
  },
  "lstm": {
    "subset_accuracy": 0.5279164775306401,
    "f1_macro": 0.7164715449071127,
    "f1_micro": 0.7540394973070018,
    "precision_macro": 0.661096384711307,
    "recall_macro": 0.789564843622439,
    "roc_auc_macro": 0.9120307281805123
  },
  "transformer": {
    "subset_accuracy": 0.5242850658193373,
    "f1_macro": 0.6760927696758318,
    "f1_micro": 0.7173150776423443,
    "precision_macro": 0.6462838137346684,
    "recall_macro": 0.7234829728649681,
    "roc_auc_macro": 0.8851396562868571
  },
  "cnn_lstm": {
    "subset_accuracy": 0.5714934180662733,
    "f1_macro": 0.7219083062108694,
    "f1_micro": 0.7565922920892495,
    "precision_macro": 0.688446761925504,
    "recall_macro": 0.7665293371268798,
    "roc_auc_macro": 0.9098943434128468
  },
  "cnn_transformer": {
    "subset_accuracy": 0.5846572855197458,
    "f1_macro": 0.7223178570757053,
    "f1_micro": 0.7639128931904597,
    "precision_macro": 0.7082911421433705,
    "recall_macro": 0.7421620768136646,
    "roc_auc_macro": 0.9126335521104438
  }
}