{
  "cnn_1d": {
    "subset_accuracy": 0.5928279618701771,
    "f1_macro": 0.7307163453461925,
    "f1_micro": 0.764943032427695,
    "f1_weighted": 0.7658796276831155,
    "precision_macro": 0.7213567076298819,
    "recall_macro": 0.7457962184730149,
    "roc_auc_macro": 0.9188427440939044,
    "roc_auc_weighted": 0.9259863346982371,
    "roc_auc_NORM": 0.9439783790300704,
    "roc_auc_MI": 0.9190481670228505,
    "roc_auc_STTC": 0.9288901028862788,
    "roc_auc_CD": 0.9176394728474013,
    "roc_auc_HYP": 0.8846575986829212,
    "avg_precision_macro": 0.7958669603038451,
    "f1_NORM": 0.8581349206349206,
    "f1_MI": 0.7363717605004468,
    "f1_STTC": 0.7543520309477756,
    "f1_CD": 0.7366167023554604,
    "f1_HYP": 0.5681063122923588,
    "precision_NORM": 0.8222433460076045,
    "recall_NORM": 0.8973029045643154,
    "precision_MI": 0.7279151943462897,
    "recall_MI": 0.7450271247739603,
    "precision_STTC": 0.7632093933463796,
    "recall_STTC": 0.745697896749522,
    "precision_CD": 0.7889908256880734,
    "recall_CD": 0.6907630522088354,
    "precision_HYP": 0.504424778761062,
    "recall_HYP": 0.6501901140684411
  },
  "leadwise_cnn": {
    "subset_accuracy": 0.5801180208806174,
    "f1_macro": 0.7204810771006251,
    "f1_micro": 0.7562650188808788,
    "f1_weighted": 0.7530544327298744,
    "precision_macro": 0.7076486041448552,
    "recall_macro": 0.738924941702613,
    "roc_auc_macro": 0.9074989998922037,
    "roc_auc_weighted": 0.915043919961487,
    "roc_auc_NORM": 0.9422427737534285,
    "roc_auc_MI": 0.9122390267959888,
    "roc_auc_STTC": 0.9258160338705272,
    "roc_auc_CD": 0.867673038193831,
    "roc_auc_HYP": 0.8895241268472425,
    "avg_precision_macro": 0.7867027811118348,
    "f1_NORM": 0.8545367258761402,
    "f1_MI": 0.7184300341296929,
    "f1_STTC": 0.7667910447761194,
    "f1_CD": 0.6601371204701273,
    "f1_HYP": 0.602510460251046,
    "precision_NORM": 0.7953529937444147,
    "recall_NORM": 0.9232365145228216,
    "precision_MI": 0.6801292407108239,
    "recall_MI": 0.7613019891500904,
    "precision_STTC": 0.7486338797814208,
    "recall_STTC": 0.7858508604206501,
    "precision_CD": 0.6443594646271511,
    "recall_CD": 0.6767068273092369,
    "precision_HYP": 0.6697674418604651,
    "recall_HYP": 0.5475285171102662
  },
  "pretrained_resnet": {
    "subset_accuracy": 0.05764866091693146,
    "f1_macro": 0.5258099531261087,
    "f1_micro": 0.5427994776208002,
    "f1_weighted": 0.5804767396905388,
    "precision_macro": 0.42288134400106603,
    "recall_macro": 0.7814117579084989,
    "roc_auc_macro": 0.7205445927103847,
    "roc_auc_weighted": 0.7438480585818873,
    "roc_auc_NORM": 0.8426958060810653,
    "roc_auc_MI": 0.7919190092607814,
    "roc_auc_STTC": 0.8175248110716562,
    "roc_auc_CD": 0.4385512725388357,
    "roc_auc_HYP": 0.7120320645995846,
    "avg_precision_macro": 0.4540205451701328,
    "f1_NORM": 0.7473769168684423,
    "f1_MI": 0.5696804894629504,
    "f1_STTC": 0.6007462686567164,
    "f1_CD": 0.37941561273440905,
    "f1_HYP": 0.3318304779080252,
    "precision_NORM": 0.6116248348745046,
    "recall_NORM": 0.9605809128630706,
    "precision_MI": 0.4564270152505447,
    "recall_MI": 0.7576853526220615,
    "precision_STTC": 0.5865209471766849,
    "recall_STTC": 0.615678776290631,
    "precision_CD": 0.24233983286908078,
    "recall_CD": 0.8734939759036144,
    "precision_HYP": 0.21749408983451538,
    "recall_HYP": 0.6996197718631179
  },
  "lstm": {
    "subset_accuracy": 0.5637766681797549,
    "f1_macro": 0.7177364310818006,
    "f1_micro": 0.7577047505533798,
    "f1_weighted": 0.759439222923461,
    "precision_macro": 0.6876663610696594,
    "recall_macro": 0.7540008212511564,
    "roc_auc_macro": 0.9097086976495286,
    "roc_auc_weighted": 0.9210352975474548,
    "roc_auc_NORM": 0.9436166899420293,
    "roc_auc_MI": 0.9187796591594061,
    "roc_auc_STTC": 0.9288707548028772,
    "roc_auc_CD": 0.9111707828380974,
    "roc_auc_HYP": 0.8461056015052331,
    "avg_precision_macro": 0.7760516854350297,
    "f1_NORM": 0.8554277138569285,
    "f1_MI": 0.7312703583061889,
    "f1_STTC": 0.7632058287795993,
    "f1_CD": 0.7370600414078675,
    "f1_HYP": 0.5017182130584192,
    "precision_NORM": 0.8260869565217391,
    "recall_NORM": 0.8869294605809128,
    "precision_MI": 0.6651851851851852,
    "recall_MI": 0.8119349005424955,
    "precision_STTC": 0.7286956521739131,
    "recall_STTC": 0.8011472275334608,
    "precision_CD": 0.7606837606837606,
    "recall_CD": 0.714859437751004,
    "precision_HYP": 0.45768025078369906,
    "recall_HYP": 0.5551330798479087
  },
  "cnn_lstm": {
    "subset_accuracy": 0.53109396277803,
    "f1_macro": 0.7150793075974806,
    "f1_micro": 0.7512640678519001,
    "f1_weighted": 0.7524164073863688,
    "precision_macro": 0.6631691935529422,
    "recall_macro": 0.7832222492102385,
    "roc_auc_macro": 0.9115106451713884,
    "roc_auc_weighted": 0.919723559957657,
    "roc_auc_NORM": 0.9422117957528323,
    "roc_auc_MI": 0.9040161104718066,
    "roc_auc_STTC": 0.9259150505326413,
    "roc_auc_CD": 0.9111325065658528,
    "roc_auc_HYP": 0.874277762533809,
    "avg_precision_macro": 0.772797819424509,
    "f1_NORM": 0.8527493010251631,
    "f1_MI": 0.6966475878986099,
    "f1_STTC": 0.7457337883959044,
    "f1_CD": 0.7382690302398331,
    "f1_HYP": 0.5419968304278923,
    "precision_NORM": 0.7741116751269036,
    "recall_NORM": 0.9491701244813278,
    "precision_MI": 0.6358208955223881,
    "recall_MI": 0.7703435804701627,
    "precision_STTC": 0.6733436055469953,
    "recall_STTC": 0.8355640535372849,
    "precision_CD": 0.7678958785249458,
    "recall_CD": 0.7108433734939759,
    "precision_HYP": 0.46467391304347827,
    "recall_HYP": 0.6501901140684411
  },
  "cnn_transformer": {
    "subset_accuracy": 0.5551520653654108,
    "f1_macro": 0.7195634389566204,
    "f1_micro": 0.7534774593598123,
    "f1_weighted": 0.7571170679120299,
    "precision_macro": 0.6772202905836938,
    "recall_macro": 0.7725988500847687,
    "roc_auc_macro": 0.9152031691648508,
    "roc_auc_weighted": 0.9225468325195033,
    "roc_auc_NORM": 0.9407826215091143,
    "roc_auc_MI": 0.9112329442709189,
    "roc_auc_STTC": 0.9284064008012383,
    "roc_auc_CD": 0.9167220200449893,
    "roc_auc_HYP": 0.8788718591979932,
    "avg_precision_macro": 0.78007059110094,
    "f1_NORM": 0.847675568743818,
    "f1_MI": 0.7226890756302521,
    "f1_STTC": 0.7524752475247525,
    "f1_CD": 0.7447447447447447,
    "f1_HYP": 0.5302325581395348,
    "precision_NORM": 0.8100189035916824,
    "recall_NORM": 0.8890041493775933,
    "precision_MI": 0.6750392464678179,
    "recall_MI": 0.7775768535262206,
    "precision_STTC": 0.7108843537414966,
    "recall_STTC": 0.7992351816443595,
    "precision_CD": 0.7425149700598802,
    "recall_CD": 0.7469879518072289,
    "precision_HYP": 0.4476439790575916,
    "recall_HYP": 0.6501901140684411
  }
}