{
  "subset_accuracy": 0.6014525646845211,
  "f1_macro": 0.7488290836723797,
  "f1_micro": 0.780229177355909,
  "f1_weighted": 0.7808692711374968,
  "precision_macro": 0.7233970993694282,
  "recall_macro": 0.7814897555874745,
  "roc_auc_macro": 0.9248158482854052,
  "roc_auc_weighted": 0.9315090479728304,
  "roc_auc_NORM": 0.948714664148239,
  "roc_auc_MI": 0.9274836977368622,
  "roc_auc_STTC": 0.9350974232905399,
  "roc_auc_CD": 0.9186358336572095,
  "roc_auc_HYP": 0.8941476225941751,
  "avg_precision_macro": 0.8126804013789911,
  "f1_NORM": 0.8660098522167488,
  "f1_MI": 0.7481898632341111,
  "f1_STTC": 0.7762906309751434,
  "f1_CD": 0.751578947368421,
  "f1_HYP": 0.6020761245674741,
  "precision_NORM": 0.8245778611632271,
  "recall_NORM": 0.9118257261410788,
  "precision_MI": 0.6739130434782609,
  "recall_MI": 0.840867992766727,
  "precision_STTC": 0.7762906309751434,
  "recall_STTC": 0.7762906309751434,
  "precision_CD": 0.7898230088495575,
  "recall_CD": 0.7168674698795181,
  "precision_HYP": 0.5523809523809524,
  "recall_HYP": 0.6615969581749049
}